film_id;film_title;key;value;link
51869;The Wizard;studio;Universal Pictures;letterboxd.com/studio/universal-pictures/
51869;The Wizard;studio;Finnegan/Pinchuk Productions;letterboxd.com/studio/finnegan-pinchuk-productions/
51869;The Wizard;country;USA;letterboxd.com/films/country/usa/
51869;The Wizard;language;English;letterboxd.com/films/language/english/
51869;The Wizard;language;English;letterboxd.com/films/language/english/
51869;The Wizard;language;Italian;letterboxd.com/films/language/italian/
565852;The Northman;studio;New Regency Pictures;letterboxd.com/studio/new-regency-pictures/
565852;The Northman;studio;Square Peg;letterboxd.com/studio/square-peg/
565852;The Northman;studio;Regency Enterprises;letterboxd.com/studio/regency-enterprises/
565852;The Northman;country;USA;letterboxd.com/films/country/usa/
565852;The Northman;language;English;letterboxd.com/films/language/english/
565852;The Northman;language;English;letterboxd.com/films/language/english/
565852;The Northman;language;Icelandic;letterboxd.com/films/language/icelandic/
43552;Rad;studio;TriStar Pictures;letterboxd.com/studio/tristar-pictures-1/
43552;Rad;studio;Utopia;letterboxd.com/studio/utopia-1/
43552;Rad;studio;TaliaFilm II Productions;letterboxd.com/studio/taliafilm-ii-productions/
43552;Rad;country;Canada;letterboxd.com/films/country/canada/
43552;Rad;language;English;letterboxd.com/films/language/english/
353117;Get Out;studio;Monkeypaw Productions;letterboxd.com/studio/monkeypaw-productions/
353117;Get Out;studio;Blumhouse Productions;letterboxd.com/studio/blumhouse-productions/
353117;Get Out;studio;QC Entertainment;letterboxd.com/studio/qc-entertainment/
353117;Get Out;country;USA;letterboxd.com/films/country/usa/
353117;Get Out;language;English;letterboxd.com/films/language/english/
508037;RRR;studio;DVV Entertainment;letterboxd.com/studio/dvv-entertainment/
508037;RRR;studio;Pen Studios;letterboxd.com/studio/pen-studios/
508037;RRR;studio;Lyca Productions;letterboxd.com/studio/lyca-productions/
508037;RRR;country;India;letterboxd.com/films/country/india/
508037;RRR;language;Telugu;letterboxd.com/films/language/telugu/
508037;RRR;language;English;letterboxd.com/films/language/english/
508037;RRR;language;Telugu;letterboxd.com/films/language/telugu/
48018;Speed Racer;studio;Warner Bros. Pictures;letterboxd.com/studio/warner-bros-pictures/
48018;Speed Racer;studio;Village Roadshow Pictures;letterboxd.com/studio/village-roadshow-pictures/
48018;Speed Racer;studio;Silver Pictures;letterboxd.com/studio/silver-pictures/
48018;Speed Racer;studio;Anarchos Productions;letterboxd.com/studio/anarchos-productions/
48018;Speed Racer;studio;Velocity Productions;letterboxd.com/studio/velocity-productions/
48018;Speed Racer;studio;Studio Babelsberg;letterboxd.com/studio/studio-babelsberg/
48018;Speed Racer;country;Germany;letterboxd.com/films/country/germany/
48018;Speed Racer;country;UK;letterboxd.com/films/country/uk/
48018;Speed Racer;country;USA;letterboxd.com/films/country/usa/
48018;Speed Racer;language;English;letterboxd.com/films/language/english/
47798;They Live;studio;Alive Films;letterboxd.com/studio/alive-films/
47798;They Live;studio;Larry Franco Productions;letterboxd.com/studio/larry-franco-productions/
47798;They Live;country;USA;letterboxd.com/films/country/usa/
47798;They Live;language;English;letterboxd.com/films/language/english/
47798;They Live;language;German;letterboxd.com/films/language/german/
47798;They Live;language;English;letterboxd.com/films/language/english/
46759;Cobra;studio;The Cannon Group;letterboxd.com/studio/cannon-group/
46759;Cobra;studio;Warner Bros. Pictures;letterboxd.com/studio/warner-bros-pictures/
46759;Cobra;studio;Golan-Globus Productions;letterboxd.com/studio/golan-globus-productions/
46759;Cobra;country;USA;letterboxd.com/films/country/usa/
46759;Cobra;language;English;letterboxd.com/films/language/english/
474474;Everything Everywhere All at Once;studio;IAC Films;letterboxd.com/studio/iac-films/
474474;Everything Everywhere All at Once;studio;AGBO;letterboxd.com/studio/agbo/
474474;Everything Everywhere All at Once;studio;Ley Line Entertainment;letterboxd.com/studio/ley-line-entertainment/
474474;Everything Everywhere All at Once;studio;Year of the Rat;letterboxd.com/studio/year-of-the-rat-productions/
474474;Everything Everywhere All at Once;country;USA;letterboxd.com/films/country/usa/
474474;Everything Everywhere All at Once;language;English;letterboxd.com/films/language/english/
474474;Everything Everywhere All at Once;language;Cantonese;letterboxd.com/films/language/cantonese/
474474;Everything Everywhere All at Once;language;Chinese;letterboxd.com/films/language/chinese/
474474;Everything Everywhere All at Once;language;English;letterboxd.com/films/language/english/
51554;The Mummy;studio;Alphaville Films;letterboxd.com/studio/alphaville-films/
51554;The Mummy;country;USA;letterboxd.com/films/country/usa/
51554;The Mummy;language;English;letterboxd.com/films/language/english/
51554;The Mummy;language;English;letterboxd.com/films/language/english/
51554;The Mummy;language;Arabic;letterboxd.com/films/language/arabic/
574385;The Unbearable Weight of Massive Talent;studio;Saturn Films;letterboxd.com/studio/saturn-films/
574385;The Unbearable Weight of Massive Talent;studio;Burr! Productions;letterboxd.com/studio/burr-productions/
574385;The Unbearable Weight of Massive Talent;country;USA;letterboxd.com/films/country/usa/
574385;The Unbearable Weight of Massive Talent;language;English;letterboxd.com/films/language/english/
574385;The Unbearable Weight of Massive Talent;language;English;letterboxd.com/films/language/english/
574385;The Unbearable Weight of Massive Talent;language;Spanish;letterboxd.com/films/language/spanish/
2685;Unforgiven;studio;Warner Bros. Pictures;letterboxd.com/studio/warner-bros-pictures/
2685;Unforgiven;studio;Malpaso Productions;letterboxd.com/studio/malpaso-productions/
2685;Unforgiven;country;USA;letterboxd.com/films/country/usa/
2685;Unforgiven;language;English;letterboxd.com/films/language/english/
51986;Twelve Monkeys;studio;Universal Pictures;letterboxd.com/studio/universal-pictures/
51986;Twelve Monkeys;studio;Atlas Entertainment;letterboxd.com/studio/atlas-entertainment/
51986;Twelve Monkeys;studio;Classico;letterboxd.com/studio/classico/
51986;Twelve Monkeys;studio;Twelve Monkeys Productions;letterboxd.com/studio/twelve-monkeys-productions/
51986;Twelve Monkeys;country;USA;letterboxd.com/films/country/usa/
51986;Twelve Monkeys;language;English;letterboxd.com/films/language/english/
51986;Twelve Monkeys;language;English;letterboxd.com/films/language/english/
51986;Twelve Monkeys;language;French;letterboxd.com/films/language/french/
479814;Free Guy;studio;Berlanti Productions;letterboxd.com/studio/berlanti-productions/
479814;Free Guy;studio;21 Laps Entertainment;letterboxd.com/studio/21-laps-entertainment/
479814;Free Guy;studio;Maximum Effort;letterboxd.com/studio/maximum-effort/
479814;Free Guy;studio;Lit Entertainment Group;letterboxd.com/studio/lit-entertainment-group/
479814;Free Guy;studio;20th Century Studios;letterboxd.com/studio/20th-century-studios/
479814;Free Guy;country;USA;letterboxd.com/films/country/usa/
479814;Free Guy;language;English;letterboxd.com/films/language/english/
479814;Free Guy;language;English;letterboxd.com/films/language/english/
479814;Free Guy;language;Japanese;letterboxd.com/films/language/japanese/
47233;Tremors;studio;Wilson-Maddock Production;letterboxd.com/studio/wilson-maddock-production/
47233;Tremors;studio;Pacific Western;letterboxd.com/studio/pacific-western/
47233;Tremors;studio;No Frills Film Production;letterboxd.com/studio/no-frills-film-production/
47233;Tremors;country;USA;letterboxd.com/films/country/usa/
47233;Tremors;language;English;letterboxd.com/films/language/english/
465978;Cats;studio;Universal Pictures;letterboxd.com/studio/universal-pictures/
465978;Cats;studio;Perfect World Pictures;letterboxd.com/studio/perfect-world-pictures/
465978;Cats;studio;Working Title Films;letterboxd.com/studio/working-title-films/
465978;Cats;studio;Amblin Entertainment;letterboxd.com/studio/amblin-entertainment/
465978;Cats;studio;Monumental Pictures;letterboxd.com/studio/monumental-pictures/
465978;Cats;studio;The Really Useful Group;letterboxd.com/studio/the-really-useful-group-1/
465978;Cats;studio;Working Title Films;letterboxd.com/studio/working-title-films-1/
465978;Cats;country;China;letterboxd.com/films/country/china/
465978;Cats;country;UK;letterboxd.com/films/country/uk/
465978;Cats;country;USA;letterboxd.com/films/country/usa/
465978;Cats;language;English;letterboxd.com/films/language/english/
46087;Child's Play;studio;United Artists;letterboxd.com/studio/united-artists/
46087;Child's Play;studio;David Kirschner Productions;letterboxd.com/studio/david-kirschner-productions/
46087;Child's Play;studio;Metro-Goldwyn-Mayer;letterboxd.com/studio/metro-goldwyn-mayer-1/
46087;Child's Play;country;USA;letterboxd.com/films/country/usa/
46087;Child's Play;language;English;letterboxd.com/films/language/english/
47345;The Craft;studio;Columbia Pictures;letterboxd.com/studio/columbia-pictures/
47345;The Craft;studio;Red Wagon Entertainment;letterboxd.com/studio/red-wagon-entertainment/
47345;The Craft;country;USA;letterboxd.com/films/country/usa/
47345;The Craft;language;English;letterboxd.com/films/language/english/
47345;The Craft;language;English;letterboxd.com/films/language/english/
47345;The Craft;language;French;letterboxd.com/films/language/french/
51387;Evil Dead II;studio;Rosebud Releasing Corporation;letterboxd.com/studio/rosebud-releasing-corporation/
51387;Evil Dead II;studio;Renaissance Pictures;letterboxd.com/studio/renaissance-pictures/
51387;Evil Dead II;studio;The De Laurentiis Company;letterboxd.com/studio/dino-de-laurentiis-company/
51387;Evil Dead II;country;USA;letterboxd.com/films/country/usa/
51387;Evil Dead II;language;English;letterboxd.com/films/language/english/
431888;The Mitchells vs. the Machines;studio;Lord Miller;letterboxd.com/studio/lord-miller/
431888;The Mitchells vs. the Machines;studio;Columbia Pictures;letterboxd.com/studio/columbia-pictures/
431888;The Mitchells vs. the Machines;studio;Sony Pictures Animation;letterboxd.com/studio/sony-pictures-animation/
431888;The Mitchells vs. the Machines;studio;One Cool Pictures;letterboxd.com/studio/one-cool-film-production/
431888;The Mitchells vs. the Machines;country;Hong Kong;letterboxd.com/films/country/hong-kong/
431888;The Mitchells vs. the Machines;country;USA;letterboxd.com/films/country/usa/
431888;The Mitchells vs. the Machines;language;English;letterboxd.com/films/language/english/
51157;Point Break;studio;Largo Entertainment;letterboxd.com/studio/largo-entertainment/
51157;Point Break;studio;JVC;letterboxd.com/studio/jvc/
51157;Point Break;studio;20th Century Fox;letterboxd.com/studio/20th-century-fox/
51157;Point Break;country;Japan;letterboxd.com/films/country/japan/
51157;Point Break;country;USA;letterboxd.com/films/country/usa/
51157;Point Break;language;English;letterboxd.com/films/language/english/
49632;Flash Gordon;studio;Starling Films;letterboxd.com/studio/starling-films/
49632;Flash Gordon;studio;Universal Pictures;letterboxd.com/studio/universal-pictures/
49632;Flash Gordon;studio;Famous Films Productions;letterboxd.com/studio/famous-films-ii/
49632;Flash Gordon;studio;Flash Gordon Productions;letterboxd.com/studio/flash-gordon-productions/
49632;Flash Gordon;studio;DDL Cinematografica;letterboxd.com/studio/ddl-cinematografica/
49632;Flash Gordon;country;Italy;letterboxd.com/films/country/italy/
49632;Flash Gordon;country;Netherlands;letterboxd.com/films/country/netherlands/
49632;Flash Gordon;country;UK;letterboxd.com/films/country/uk/
49632;Flash Gordon;country;USA;letterboxd.com/films/country/usa/
49632;Flash Gordon;language;English;letterboxd.com/films/language/english/
41672;Killer Klowns from Outer Space;studio;Sarlui / Diamant Production;letterboxd.com/studio/sarlui-diamant-production/
41672;Killer Klowns from Outer Space;studio;Chiodo Bros. Productions;letterboxd.com/studio/chiodo-bros-productions/
41672;Killer Klowns from Outer Space;country;USA;letterboxd.com/films/country/usa/
41672;Killer Klowns from Outer Space;language;English;letterboxd.com/films/language/english/
44960;The 36th Chamber of Shaolin;studio;Shaw Brothers;letterboxd.com/studio/shaw-brothers/
44960;The 36th Chamber of Shaolin;country;Hong Kong;letterboxd.com/films/country/hong-kong/
44960;The 36th Chamber of Shaolin;language;Chinese;letterboxd.com/films/language/chinese/
45270;The Warriors;studio;Paramount Pictures;letterboxd.com/studio/paramount-1/
45270;The Warriors;studio;Lawrence Gordon Productions;letterboxd.com/studio/lawrence-gordon-productions/
45270;The Warriors;country;USA;letterboxd.com/films/country/usa/
45270;The Warriors;language;English;letterboxd.com/films/language/english/
598882;The Banshees of Inisherin;studio;Searchlight Pictures;letterboxd.com/studio/searchlight-pictures/
598882;The Banshees of Inisherin;studio;Blueprint Pictures;letterboxd.com/studio/blueprint-pictures/
598882;The Banshees of Inisherin;studio;Film4 Productions;letterboxd.com/studio/film4-productions/
598882;The Banshees of Inisherin;studio;TSG Entertainment;letterboxd.com/studio/tsg-entertainment/
598882;The Banshees of Inisherin;country;UK;letterboxd.com/films/country/uk/
598882;The Banshees of Inisherin;country;USA;letterboxd.com/films/country/usa/
598882;The Banshees of Inisherin;language;English;letterboxd.com/films/language/english/
45104;Masters of the Universe;studio;Pressman Film;letterboxd.com/studio/pressman-film/
45104;Masters of the Universe;studio;The Cannon Group;letterboxd.com/studio/cannon-group/
45104;Masters of the Universe;studio;Golan-Globus Productions;letterboxd.com/studio/golan-globus-productions/
45104;Masters of the Universe;country;USA;letterboxd.com/films/country/usa/
45104;Masters of the Universe;language;English;letterboxd.com/films/language/english/
44952;Invasion of the Body Snatchers;studio;United Artists;letterboxd.com/studio/united-artists/
44952;Invasion of the Body Snatchers;country;USA;letterboxd.com/films/country/usa/
44952;Invasion of the Body Snatchers;language;English;letterboxd.com/films/language/english/
44952;Invasion of the Body Snatchers;language;English;letterboxd.com/films/language/english/
44952;Invasion of the Body Snatchers;language;French;letterboxd.com/films/language/french/
45260;Rollerball;studio;United Artists;letterboxd.com/studio/united-artists/
45260;Rollerball;studio;Algonquin;letterboxd.com/studio/algonquin/
45260;Rollerball;country;USA;letterboxd.com/films/country/usa/
45260;Rollerball;language;English;letterboxd.com/films/language/english/
31606;Bloodmoon;studio;Seasonal Film Corporation;letterboxd.com/studio/seasonal-film-corporation/
31606;Bloodmoon;studio;Media of Medias;letterboxd.com/studio/media-of-medias/
31606;Bloodmoon;country;USA;letterboxd.com/films/country/usa/
31606;Bloodmoon;language;English;letterboxd.com/films/language/english/
31606;Bloodmoon;language;English;letterboxd.com/films/language/english/
31606;Bloodmoon;language;Portuguese;letterboxd.com/films/language/portuguese/
51386;Army of Darkness;studio;Renaissance Pictures;letterboxd.com/studio/renaissance-pictures/
51386;Army of Darkness;studio;The De Laurentiis Company;letterboxd.com/studio/dino-de-laurentiis-company/
51386;Army of Darkness;studio;Introvision International;letterboxd.com/studio/introvision-international/
51386;Army of Darkness;studio;Universal Pictures;letterboxd.com/studio/universal-pictures/
51386;Army of Darkness;country;USA;letterboxd.com/films/country/usa/
51386;Army of Darkness;language;English;letterboxd.com/films/language/english/
51483;Requiem for a Dream;studio;Artisan Entertainment;letterboxd.com/studio/artisan-entertainment/
51483;Requiem for a Dream;studio;Thousand Words;letterboxd.com/studio/thousand-words/
51483;Requiem for a Dream;studio;Protozoa Pictures;letterboxd.com/studio/protozoa-pictures/
51483;Requiem for a Dream;country;USA;letterboxd.com/films/country/usa/
51483;Requiem for a Dream;language;English;letterboxd.com/films/language/english/
276291;The Meg;studio;Apelles Entertainment;letterboxd.com/studio/apelles-entertainment/
276291;The Meg;studio;Gravity Pictures;letterboxd.com/studio/gravity-pictures/
276291;The Meg;studio;di Bonaventura Pictures;letterboxd.com/studio/di-bonaventura-pictures/
276291;The Meg;studio;Flagship Entertainment Group;letterboxd.com/studio/flagship-entertainment-group/
276291;The Meg;studio;Maeday Productions;letterboxd.com/studio/maeday-productions/
276291;The Meg;studio;Warner Bros. Pictures;letterboxd.com/studio/warner-bros-pictures/
276291;The Meg;country;China;letterboxd.com/films/country/china/
276291;The Meg;country;USA;letterboxd.com/films/country/usa/
276291;The Meg;language;English;letterboxd.com/films/language/english/
276291;The Meg;language;Chinese;letterboxd.com/films/language/chinese/
276291;The Meg;language;English;letterboxd.com/films/language/english/
276291;The Meg;language;Japanese;letterboxd.com/films/language/japanese/
276291;The Meg;language;Thai;letterboxd.com/films/language/thai/
51771;High Noon;studio;Stanley Kramer Productions;letterboxd.com/studio/stanley-kramer-productions/
51771;High Noon;studio;United Artists;letterboxd.com/studio/united-artists/
51771;High Noon;country;USA;letterboxd.com/films/country/usa/
51771;High Noon;language;English;letterboxd.com/films/language/english/
51771;High Noon;language;English;letterboxd.com/films/language/english/
51771;High Noon;language;French;letterboxd.com/films/language/french/
51771;High Noon;language;Italian;letterboxd.com/films/language/italian/
46897;Bubba Ho-tep;studio;Silver Sphere Corporation;letterboxd.com/studio/silver-sphere-corporation/
46897;Bubba Ho-tep;studio;Metro-Goldwyn-Mayer;letterboxd.com/studio/metro-goldwyn-mayer-1/
46897;Bubba Ho-tep;country;USA;letterboxd.com/films/country/usa/
46897;Bubba Ho-tep;language;English;letterboxd.com/films/language/english/
46897;Bubba Ho-tep;language;English;letterboxd.com/films/language/english/
46897;Bubba Ho-tep;language;German;letterboxd.com/films/language/german/
51781;Fargo;studio;PolyGram Filmed Entertainment;letterboxd.com/studio/polygram-filmed-entertainment/
51781;Fargo;studio;Working Title Films;letterboxd.com/studio/working-title-films/
51781;Fargo;country;UK;letterboxd.com/films/country/uk/
51781;Fargo;country;USA;letterboxd.com/films/country/usa/
51781;Fargo;language;English;letterboxd.com/films/language/english/
241920;Shin Godzilla;studio;Toho Pictures;letterboxd.com/studio/toho-pictures/
241920;Shin Godzilla;studio;Cine Bazar;letterboxd.com/studio/cine-bazar/
241920;Shin Godzilla;studio;TOHO;letterboxd.com/studio/toho/
241920;Shin Godzilla;country;Japan;letterboxd.com/films/country/japan/
241920;Shin Godzilla;language;Japanese;letterboxd.com/films/language/japanese/
241920;Shin Godzilla;language;Italian;letterboxd.com/films/language/italian/
241920;Shin Godzilla;language;German;letterboxd.com/films/language/german/
241920;Shin Godzilla;language;English;letterboxd.com/films/language/english/
241920;Shin Godzilla;language;Japanese;letterboxd.com/films/language/japanese/
43812;Gaslight;studio;Metro-Goldwyn-Mayer;letterboxd.com/studio/metro-goldwyn-mayer-1/
43812;Gaslight;country;USA;letterboxd.com/films/country/usa/
43812;Gaslight;language;English;letterboxd.com/films/language/english/
42841;Ip Man;studio;Mandarin Films;letterboxd.com/studio/mandarin-films-1/
42841;Ip Man;studio;Golden Harvest Company;letterboxd.com/studio/golden-harvest-company/
42841;Ip Man;studio;Beijing ShengShi HuaRei Film Investment & Management Co.;letterboxd.com/studio/beijing-shengshi-huarei-film-investment-management-co/
42841;Ip Man;studio;China Film Co-Production Corp.;letterboxd.com/studio/china-film-co-production-corporation/
42841;Ip Man;studio;New Film Studio of Beijing Starlight International Media Co. Ltd.;letterboxd.com/studio/new-film-studio-of-beijing-starlight-international-media-co-ltd/
42841;Ip Man;studio;Prosperity Pictures;letterboxd.com/studio/prosperity-pictures/
42841;Ip Man;studio;Shanghai Film Group;letterboxd.com/studio/shanghai-film-group/
42841;Ip Man;studio;Time Antaeus Media Group;letterboxd.com/studio/time-antaeus-media-group/
42841;Ip Man;country;China;letterboxd.com/films/country/china/
42841;Ip Man;country;Hong Kong;letterboxd.com/films/country/hong-kong/
42841;Ip Man;language;Cantonese;letterboxd.com/films/language/cantonese/
42841;Ip Man;language;Chinese;letterboxd.com/films/language/chinese/
42841;Ip Man;language;Japanese;letterboxd.com/films/language/japanese/
42841;Ip Man;language;Cantonese;letterboxd.com/films/language/cantonese/
51708;A Nightmare on Elm Street;studio;New Line Cinema;letterboxd.com/studio/new-line-cinema/
51708;A Nightmare on Elm Street;studio;Smart Egg Pictures;letterboxd.com/studio/smart-egg-pictures/
51708;A Nightmare on Elm Street;studio;Media Home Entertainment;letterboxd.com/studio/media-home-entertainment/
51708;A Nightmare on Elm Street;studio;Cinema 84;letterboxd.com/studio/cinema-84/
51708;A Nightmare on Elm Street;studio;The Elm Street Venture;letterboxd.com/studio/the-elm-street-venture/
51708;A Nightmare on Elm Street;country;USA;letterboxd.com/films/country/usa/
51708;A Nightmare on Elm Street;country;UK;letterboxd.com/films/country/uk/
51708;A Nightmare on Elm Street;language;English;letterboxd.com/films/language/english/
92160;Paddington;studio;StudioCanal;letterboxd.com/studio/studiocanal/
92160;Paddington;studio;Anton Capital Entertainment;letterboxd.com/studio/anton-capital-entertainment/
92160;Paddington;studio;Heyday Films;letterboxd.com/studio/heyday-films/
92160;Paddington;studio;TF1 Films Production;letterboxd.com/studio/tf1-films-production-1/
92160;Paddington;studio;The Weinstein Company;letterboxd.com/studio/the-weinstein-company/
92160;Paddington;country;France;letterboxd.com/films/country/france/
92160;Paddington;country;UK;letterboxd.com/films/country/uk/
92160;Paddington;country;USA;letterboxd.com/films/country/usa/
92160;Paddington;language;English;letterboxd.com/films/language/english/
277023;Paddington 2;studio;StudioCanal;letterboxd.com/studio/studiocanal/
277023;Paddington 2;studio;Heyday Films;letterboxd.com/studio/heyday-films/
277023;Paddington 2;studio;Anton Capital Entertainment;letterboxd.com/studio/anton-capital-entertainment/
277023;Paddington 2;country;France;letterboxd.com/films/country/france/
277023;Paddington 2;country;UK;letterboxd.com/films/country/uk/
277023;Paddington 2;language;English;letterboxd.com/films/language/english/
45649;Hairspray;studio;New Line Cinema;letterboxd.com/studio/new-line-cinema/
45649;Hairspray;country;USA;letterboxd.com/films/country/usa/
45649;Hairspray;language;English;letterboxd.com/films/language/english/
51881;28 Days Later;studio;DNA Films;letterboxd.com/studio/dna-films/
51881;28 Days Later;country;UK;letterboxd.com/films/country/uk/
51881;28 Days Later;language;English;letterboxd.com/films/language/english/
51881;28 Days Later;language;Spanish;letterboxd.com/films/language/spanish/
51881;28 Days Later;language;English;letterboxd.com/films/language/english/
561763;Pig;studio;AI Film;letterboxd.com/studio/ai-film/
561763;Pig;studio;Pulse Films;letterboxd.com/studio/pulse-films/
561763;Pig;studio;Saturn Films;letterboxd.com/studio/saturn-films/
561763;Pig;studio;Valparaiso Pictures;letterboxd.com/studio/valparaiso-pictures/
561763;Pig;studio;BlockBox Entertainment;letterboxd.com/studio/blockbox-entertainment/
561763;Pig;studio;Endeavor Content;letterboxd.com/studio/endeavor-content/
561763;Pig;country;UK;letterboxd.com/films/country/uk/
561763;Pig;country;USA;letterboxd.com/films/country/usa/
561763;Pig;language;English;letterboxd.com/films/language/english/
51338;An American Werewolf in London;studio;American Werewolf Inc.;letterboxd.com/studio/american-werewolf-inc/
51338;An American Werewolf in London;studio;Lyncanthrope Films;letterboxd.com/studio/lyncanthrope-films/
51338;An American Werewolf in London;studio;Universal Pictures;letterboxd.com/studio/universal-pictures/
51338;An American Werewolf in London;studio;Guber/Peters Company;letterboxd.com/studio/guber-peters-company/
51338;An American Werewolf in London;studio;PSO;letterboxd.com/studio/pso/
51338;An American Werewolf in London;studio;Polygram Pictures;letterboxd.com/studio/polygram-pictures/
51338;An American Werewolf in London;country;UK;letterboxd.com/films/country/uk/
51338;An American Werewolf in London;country;USA;letterboxd.com/films/country/usa/
51338;An American Werewolf in London;language;English;letterboxd.com/films/language/english/
591053;Past Lives;studio;A24;letterboxd.com/studio/a24/
591053;Past Lives;studio;Killer Films;letterboxd.com/studio/killer-films/
591053;Past Lives;studio;2AM;letterboxd.com/studio/2am/
591053;Past Lives;studio;CJ ENM;letterboxd.com/studio/cj-enm/
591053;Past Lives;country;South Korea;letterboxd.com/films/country/south-korea/
591053;Past Lives;country;USA;letterboxd.com/films/country/usa/
591053;Past Lives;language;English;letterboxd.com/films/language/english/
591053;Past Lives;language;English;letterboxd.com/films/language/english/
591053;Past Lives;language;Korean;letterboxd.com/films/language/korean/
47867;Napoleon Dynamite;studio;Access Films;letterboxd.com/studio/access-films/
47867;Napoleon Dynamite;studio;Napoleon Pictures Limited;letterboxd.com/studio/napoleon-pictures-limited/
47867;Napoleon Dynamite;studio;Cinetic Media;letterboxd.com/studio/cinetic-media/
47867;Napoleon Dynamite;studio;Paramount Pictures;letterboxd.com/studio/paramount-1/
47867;Napoleon Dynamite;studio;Fox Searchlight Pictures;letterboxd.com/studio/fox-searchlight-pictures/
47867;Napoleon Dynamite;studio;MTV Films;letterboxd.com/studio/mtv-films/
47867;Napoleon Dynamite;country;USA;letterboxd.com/films/country/usa/
47867;Napoleon Dynamite;language;English;letterboxd.com/films/language/english/
371378;Dune;studio;Legendary Pictures;letterboxd.com/studio/legendary-pictures-1/
371378;Dune;country;USA;letterboxd.com/films/country/usa/
371378;Dune;language;English;letterboxd.com/films/language/english/
371378;Dune;language;Chinese;letterboxd.com/films/language/chinese/
371378;Dune;language;English;letterboxd.com/films/language/english/
617443;Dune: Part Two;studio;Legendary Pictures;letterboxd.com/studio/legendary-pictures-1/
617443;Dune: Part Two;country;USA;letterboxd.com/films/country/usa/
617443;Dune: Part Two;language;English;letterboxd.com/films/language/english/
6838;Miami Connection;studio;Drafthouse Films;letterboxd.com/studio/drafthouse-films/
6838;Miami Connection;country;USA;letterboxd.com/films/country/usa/
6838;Miami Connection;country;Hong Kong;letterboxd.com/films/country/hong-kong/
6838;Miami Connection;language;English;letterboxd.com/films/language/english/
575258;Renfield;studio;Skybound Entertainment;letterboxd.com/studio/skybound-entertainment/
575258;Renfield;studio;Universal Pictures;letterboxd.com/studio/universal-pictures/
575258;Renfield;studio;Giant Wildcat;letterboxd.com/studio/giant-wildcat/
575258;Renfield;country;USA;letterboxd.com/films/country/usa/
575258;Renfield;language;English;letterboxd.com/films/language/english/
575258;Renfield;language;English;letterboxd.com/films/language/english/
575258;Renfield;language;Thai;letterboxd.com/films/language/thai/
14220;The Man from Nowhere;studio;Opus Pictures;letterboxd.com/studio/opus-pictures/
14220;The Man from Nowhere;studio;CJ Entertainment;letterboxd.com/studio/cj-entertainment/
14220;The Man from Nowhere;studio;United Pictures;letterboxd.com/studio/united-pictures-2/
14220;The Man from Nowhere;studio;M-Line Distribution;letterboxd.com/studio/m-line-distribution/
14220;The Man from Nowhere;country;South Korea;letterboxd.com/films/country/south-korea/
14220;The Man from Nowhere;language;Korean;letterboxd.com/films/language/korean/
14220;The Man from Nowhere;language;English;letterboxd.com/films/language/english/
14220;The Man from Nowhere;language;Korean;letterboxd.com/films/language/korean/
333448;Isle of Dogs;studio;Studio Babelsberg;letterboxd.com/studio/studio-babelsberg/
333448;Isle of Dogs;studio;American Empirical Pictures;letterboxd.com/studio/american-empirical-pictures/
333448;Isle of Dogs;studio;Indian Paintbrush;letterboxd.com/studio/indian-paintbrush/
333448;Isle of Dogs;studio;Scott Rudin Productions;letterboxd.com/studio/scott-rudin-productions/
333448;Isle of Dogs;country;Germany;letterboxd.com/films/country/germany/
333448;Isle of Dogs;country;USA;letterboxd.com/films/country/usa/
333448;Isle of Dogs;language;English;letterboxd.com/films/language/english/
333448;Isle of Dogs;language;English;letterboxd.com/films/language/english/
333448;Isle of Dogs;language;Japanese;letterboxd.com/films/language/japanese/
78266;The Raid;studio;Celluloid Dreams;letterboxd.com/studio/celluloid-dreams/
78266;The Raid;studio;PT. Merantau Films;letterboxd.com/studio/pt-merantau-films/
78266;The Raid;studio;XYZ Films;letterboxd.com/studio/xyz-films/
78266;The Raid;studio;Stage 6 Films;letterboxd.com/studio/stage-6-films/
78266;The Raid;country;France;letterboxd.com/films/country/france/
78266;The Raid;country;Indonesia;letterboxd.com/films/country/indonesia/
78266;The Raid;country;USA;letterboxd.com/films/country/usa/
78266;The Raid;language;Indonesian;letterboxd.com/films/language/indonesian/
51495;The Usual Suspects;studio;Bad Hat Harry Productions;letterboxd.com/studio/bad-hat-harry-productions/
51495;The Usual Suspects;studio;Blue Parrot Productions;letterboxd.com/studio/blue-parrot-productions/
51495;The Usual Suspects;country;USA;letterboxd.com/films/country/usa/
51495;The Usual Suspects;language;English;letterboxd.com/films/language/english/
51495;The Usual Suspects;language;Spanish;letterboxd.com/films/language/spanish/
51495;The Usual Suspects;language;English;letterboxd.com/films/language/english/
51495;The Usual Suspects;language;French;letterboxd.com/films/language/french/
51495;The Usual Suspects;language;Hungarian;letterboxd.com/films/language/hungarian/
50089;Pitch Black;studio;Interscope Communications;letterboxd.com/studio/interscope-communications/
50089;Pitch Black;country;USA;letterboxd.com/films/country/usa/
50089;Pitch Black;language;English;letterboxd.com/films/language/english/
50089;Pitch Black;language;Arabic;letterboxd.com/films/language/arabic/
50089;Pitch Black;language;English;letterboxd.com/films/language/english/
35616;Hard Ticket to Hawaii;studio;Malibu Bay Films;letterboxd.com/studio/malibu-bay-films/
35616;Hard Ticket to Hawaii;country;USA;letterboxd.com/films/country/usa/
35616;Hard Ticket to Hawaii;language;English;letterboxd.com/films/language/english/
680358;X;studio;A24;letterboxd.com/studio/a24/
680358;X;studio;Little Lamb Productions;letterboxd.com/studio/little-lamb-productions/
680358;X;country;USA;letterboxd.com/films/country/usa/
680358;X;language;English;letterboxd.com/films/language/english/
853822;Pearl;studio;A24;letterboxd.com/studio/a24/
853822;Pearl;studio;Little Lamb Productions;letterboxd.com/studio/little-lamb-productions/
853822;Pearl;country;USA;letterboxd.com/films/country/usa/
853822;Pearl;language;English;letterboxd.com/films/language/english/
853822;Pearl;language;English;letterboxd.com/films/language/english/
853822;Pearl;language;German;letterboxd.com/films/language/german/
922858;MaXXXine;studio;A24;letterboxd.com/studio/a24/
922858;MaXXXine;studio;Motel Mojave;letterboxd.com/studio/motel-mojave/
922858;MaXXXine;studio;Access Entertainment;letterboxd.com/studio/access-entertainment/
922858;MaXXXine;country;USA;letterboxd.com/films/country/usa/
922858;MaXXXine;language;English;letterboxd.com/films/language/english/
48823;The Fugitive;studio;Warner Bros. Pictures;letterboxd.com/studio/warner-bros-pictures/
48823;The Fugitive;country;USA;letterboxd.com/films/country/usa/
48823;The Fugitive;language;English;letterboxd.com/films/language/english/
488751;Monkey Man;studio;Thunder Road;letterboxd.com/studio/thunder-road-1/
488751;Monkey Man;studio;Bron Studios;letterboxd.com/studio/bron-studios/
488751;Monkey Man;studio;Monkeypaw Productions;letterboxd.com/studio/monkeypaw-productions/
488751;Monkey Man;studio;Minor Realm;letterboxd.com/studio/minor-realm/
488751;Monkey Man;studio;Creative Wealth Media Finance;letterboxd.com/studio/creative-wealth-media-finance/
488751;Monkey Man;studio;S'YA Concept;letterboxd.com/studio/sya-concept-1/
488751;Monkey Man;country;Canada;letterboxd.com/films/country/canada/
488751;Monkey Man;country;Singapore;letterboxd.com/films/country/singapore/
488751;Monkey Man;country;USA;letterboxd.com/films/country/usa/
488751;Monkey Man;language;English;letterboxd.com/films/language/english/
488751;Monkey Man;language;Hindi;letterboxd.com/films/language/hindi/
488751;Monkey Man;language;English;letterboxd.com/films/language/english/
27730;Blade;studio;New Line Cinema;letterboxd.com/studio/new-line-cinema/
27730;Blade;studio;Amen Ra Films;letterboxd.com/studio/amen-ra-films/
27730;Blade;studio;Imaginary Forces;letterboxd.com/studio/imaginary-forces/
27730;Blade;country;USA;letterboxd.com/films/country/usa/
27730;Blade;language;English;letterboxd.com/films/language/english/
27730;Blade;language;Russian;letterboxd.com/films/language/russian/
27730;Blade;language;English;letterboxd.com/films/language/english/
43569;Repo Man;studio;Edge City Productions;letterboxd.com/studio/edge-city-productions/
43569;Repo Man;country;USA;letterboxd.com/films/country/usa/
43569;Repo Man;language;English;letterboxd.com/films/language/english/
43569;Repo Man;language;English;letterboxd.com/films/language/english/
43569;Repo Man;language;Spanish;letterboxd.com/films/language/spanish/
50851;Re-Animator;studio;Empire Pictures;letterboxd.com/studio/empire-pictures/
50851;Re-Animator;country;USA;letterboxd.com/films/country/usa/
50851;Re-Animator;language;English;letterboxd.com/films/language/english/
223818;Dude Bro Party Massacre III;studio;Snoot Entertainment;letterboxd.com/studio/snoot-entertainment/
223818;Dude Bro Party Massacre III;studio;5-Second Films;letterboxd.com/studio/5-second-films/
223818;Dude Bro Party Massacre III;country;USA;letterboxd.com/films/country/usa/
223818;Dude Bro Party Massacre III;language;English;letterboxd.com/films/language/english/
223818;Dude Bro Party Massacre III;language;English;letterboxd.com/films/language/english/
223818;Dude Bro Party Massacre III;language;French;letterboxd.com/films/language/french/
47171;The Fly;studio;SLM Production Group;letterboxd.com/studio/slm-production-group/
47171;The Fly;studio;Brooksfilms;letterboxd.com/studio/brooksfilms/
47171;The Fly;country;Canada;letterboxd.com/films/country/canada/
47171;The Fly;country;USA;letterboxd.com/films/country/usa/
47171;The Fly;language;English;letterboxd.com/films/language/english/
890105;Humanist Vampire Seeking Consenting Suicidal Person;studio;Art et essai;letterboxd.com/studio/art-et-essai/
890105;Humanist Vampire Seeking Consenting Suicidal Person;studio;h264;letterboxd.com/studio/h264-distribution/
890105;Humanist Vampire Seeking Consenting Suicidal Person;country;Canada;letterboxd.com/films/country/canada/
890105;Humanist Vampire Seeking Consenting Suicidal Person;language;French;letterboxd.com/films/language/french/
51471;Nosferatu;studio;Prana-Film;letterboxd.com/studio/prana-film-gmbh/
51471;Nosferatu;country;Germany;letterboxd.com/films/country/germany/
51471;Nosferatu;language;No spoken language;letterboxd.com/films/language/no-spoken-language/
45489;Fallen Angels;studio;Jet Tone Production;letterboxd.com/studio/jet-tone-production/
45489;Fallen Angels;studio;Block 2 Pictures;letterboxd.com/studio/block-2-pictures-1/
45489;Fallen Angels;country;Hong Kong;letterboxd.com/films/country/hong-kong/
45489;Fallen Angels;language;Cantonese;letterboxd.com/films/language/cantonese/
45489;Fallen Angels;language;Cantonese;letterboxd.com/films/language/cantonese/
45489;Fallen Angels;language;English;letterboxd.com/films/language/english/
45489;Fallen Angels;language;Japanese;letterboxd.com/films/language/japanese/
45489;Fallen Angels;language;Chinese;letterboxd.com/films/language/chinese/
51218;Dr. Strangelove or: How I Learned to Stop Worrying and Love the Bomb;studio;Columbia Pictures;letterboxd.com/studio/columbia-pictures/
51218;Dr. Strangelove or: How I Learned to Stop Worrying and Love the Bomb;studio;Stanley Kubrick Productions;letterboxd.com/studio/stanley-kubrick-productions/
51218;Dr. Strangelove or: How I Learned to Stop Worrying and Love the Bomb;studio;Hawk Films;letterboxd.com/studio/hawk-films/
51218;Dr. Strangelove or: How I Learned to Stop Worrying and Love the Bomb;country;UK;letterboxd.com/films/country/uk/
51218;Dr. Strangelove or: How I Learned to Stop Worrying and Love the Bomb;country;USA;letterboxd.com/films/country/usa/
51218;Dr. Strangelove or: How I Learned to Stop Worrying and Love the Bomb;language;English;letterboxd.com/films/language/english/
34848;Meshes of the Afternoon;country;USA;letterboxd.com/films/country/usa/
34848;Meshes of the Afternoon;language;No spoken language;letterboxd.com/films/language/no-spoken-language/
51494;The Wizard of Oz;studio;Metro-Goldwyn-Mayer;letterboxd.com/studio/metro-goldwyn-mayer-1/
51494;The Wizard of Oz;country;USA;letterboxd.com/films/country/usa/
51494;The Wizard of Oz;language;English;letterboxd.com/films/language/english/
51230;Dawn of the Dead;studio;Dawn Associates;letterboxd.com/studio/dawn-associates/
51230;Dawn of the Dead;studio;Laurel Entertainment;letterboxd.com/studio/laurel-entertainment/
51230;Dawn of the Dead;country;Italy;letterboxd.com/films/country/italy/
51230;Dawn of the Dead;country;USA;letterboxd.com/films/country/usa/
51230;Dawn of the Dead;language;English;letterboxd.com/films/language/english/
97190;The Company of Strangers;studio;First Run Features;letterboxd.com/studio/first-run-features/
97190;The Company of Strangers;studio;ONF | NFB;letterboxd.com/studio/onf-nfb/
97190;The Company of Strangers;country;Canada;letterboxd.com/films/country/canada/
97190;The Company of Strangers;language;English;letterboxd.com/films/language/english/
43921;Tokyo Godfathers;studio;Madhouse;letterboxd.com/studio/madhouse-1/
43921;Tokyo Godfathers;studio;Sony Pictures;letterboxd.com/studio/sony-pictures-1/
43921;Tokyo Godfathers;studio;dentsu;letterboxd.com/studio/dentsu-2/
43921;Tokyo Godfathers;studio;GENCO;letterboxd.com/studio/genco/
43921;Tokyo Godfathers;country;Japan;letterboxd.com/films/country/japan/
43921;Tokyo Godfathers;language;Japanese;letterboxd.com/films/language/japanese/
43921;Tokyo Godfathers;language;English;letterboxd.com/films/language/english/
43921;Tokyo Godfathers;language;Japanese;letterboxd.com/films/language/japanese/
43921;Tokyo Godfathers;language;Spanish;letterboxd.com/films/language/spanish/
48894;Kiss Kiss Bang Bang;studio;Silver Pictures;letterboxd.com/studio/silver-pictures/
48894;Kiss Kiss Bang Bang;studio;Warner Bros. Pictures;letterboxd.com/studio/warner-bros-pictures/
48894;Kiss Kiss Bang Bang;country;USA;letterboxd.com/films/country/usa/
48894;Kiss Kiss Bang Bang;language;English;letterboxd.com/films/language/english/
